{"cameraMode":{"drawMode":0,"name":"Shaded","section":"Shading Mode"},"sceneLighting":true,"audioPlay":false,"sceneViewState":{"m_AlwaysRefresh":false,"showFog":true,"showSkybox":true,"showFlares":true,"showImageEffects":true,"showParticleSystems":true,"showVisualEffectGraphs":true,"m_FxEnabled":true},"in2DMode":false,"pivot":{"x":0.5611863732337952,"y":0.9383013844490051,"z":-0.09713344275951386},"rotation":{"x":0.07341992110013962,"y":0.021205009892582895,"z":0.0016744458116590977,"w":-0.9971752762794495},"size":11.643969535827637,"orthographic":false}