{"cameraMode":{"drawMode":0,"name":"Shaded","section":"Shading Mode"},"sceneLighting":false,"audioPlay":false,"sceneViewState":{"m_AlwaysRefresh":false,"showFog":true,"showSkybox":false,"showFlares":true,"showImageEffects":true,"showParticleSystems":true,"showVisualEffectGraphs":true,"m_FxEnabled":true},"in2DMode":false,"pivot":{"x":-0.02329397201538086,"y":15.338275909423829,"z":-0.7403212785720825},"rotation":{"x":0.041945360600948337,"y":0.04494529217481613,"z":-0.00188888527918607,"w":0.9981083273887634},"size":22.443626403808595,"orthographic":true}