{"cameraMode":{"drawMode":0,"name":"Shaded","section":"Shading Mode"},"sceneLighting":true,"audioPlay":false,"sceneViewState":{"m_AlwaysRefresh":false,"showFog":true,"showSkybox":true,"showFlares":true,"showImageEffects":true,"showParticleSystems":true,"showVisualEffectGraphs":true,"m_FxEnabled":true},"in2DMode":false,"pivot":{"x":-2.6669061183929445,"y":2.0531256198883058,"z":0.7542294263839722},"rotation":{"x":0.055295925587415698,"y":-0.07929008454084397,"z":0.004425907041877508,"w":0.9953417778015137},"size":1.6342287063598633,"orthographic":false}